step,P@5,P@10,P@20,P@50,R@5,R@10,R@20,R@50,MRR,NDCG@10,NDCG@50,ms_per_query,vs,d_R@50,d_R@50_ci95,d_NDCG@50,d_NDCG@50_ci95
"1 baseline: tf-idf, abstract only",0.2344,0.1794,0.1306,0.0823,0.0539,0.0829,0.1169,0.1799,0.4983,0.2127,0.1908,5.4663,,,,,
2 + title zone,0.2536,0.2018,0.1483,0.0936,0.0599,0.093,0.1332,0.2044,0.5389,0.2369,0.2152,6.1896,1,0.0245,"[+0.0193, +0.0296]",0.0244,"[+0.0197, +0.0286]"
3 + year filter,0.3316,0.2506,0.1791,0.1105,0.0774,0.115,0.1608,0.2428,0.6443,0.2999,0.2623,5.1625,2,0.0384,"[+0.0323, +0.0452]",0.0471,"[+0.0411, +0.0530]"
4 + g(d) citations,0.3628,0.2794,0.2086,0.1288,0.083,0.1254,0.183,0.2744,0.6662,0.3284,0.2917,9.7175,3,0.0316,"[+0.0244, +0.0384]",0.0293,"[+0.0228, +0.0354]"
5 + co-citation (full system),0.4068,0.3374,0.2589,0.1586,0.0914,0.1489,0.2217,0.3314,0.669,0.3763,0.3407,12.1738,4,0.0569,"[+0.0496, +0.0642]",0.049,"[+0.0420, +0.0560]"
6 BM25 (title zone + year filter),0.2896,0.219,0.1624,0.1007,0.0671,0.0999,0.146,0.2207,0.6126,0.2671,0.2375,8.4823,3,-0.0221,"[-0.0270, -0.0172]",-0.0248,"[-0.0290, -0.0207]"
7 BM25 + g(d) + co-citation,0.3928,0.3126,0.234,0.1443,0.0882,0.1386,0.2028,0.3056,0.6599,0.3559,0.3181,15.5617,5,-0.0258,"[-0.0323, -0.0193]",-0.0226,"[-0.0285, -0.0168]"
"x full system, g(d) = PageRank",0.4236,0.3386,0.2546,0.154,0.0959,0.149,0.2201,0.324,0.6817,0.3821,0.339,165.7538,5,-0.0074,"[-0.0130, -0.0015]",-0.0017,"[-0.0067, +0.0035]"
"x full system, g(d) = AMiner n_citation (LEAKS)",0.4456,0.3618,0.2698,0.1654,0.1004,0.1597,0.2325,0.3476,0.7059,0.4058,0.3611,8.1354,5,0.0162,"[+0.0100, +0.0225]",0.0205,"[+0.0151, +0.0257]"
"x full system, NO stemming",0.4024,0.3294,0.2554,0.1575,0.0897,0.1439,0.2202,0.327,0.6785,0.3712,0.3373,11.1709,5,-0.0044,"[-0.0108, +0.0022]",-0.0033,"[-0.0093, +0.0026]"
