variant,champion_r,text_scoring_ms,postings_touched,candidates,R@20,R@50,NDCG@50,MRR,overlap@50_with_exhaustive
exhaustive,all,2.6021,392210.854,47723.056,0.1608,0.2428,0.2623,0.6443,1.0
approx,5,0.6506,712.61,640.29,0.032,0.0487,0.0502,0.1565,0.0738
approx,10,0.6397,1401.364,1223.864,0.0406,0.061,0.0642,0.2003,0.0968
approx,25,0.6738,3383.52,2821.056,0.0508,0.0801,0.0821,0.244,0.1392
approx,50,0.6946,6514.484,5153.058,0.0604,0.0958,0.0984,0.2834,0.1827
approx,100,0.7545,12317.244,9016.684,0.077,0.1195,0.1215,0.3335,0.2426
approx,250,0.8239,27713.218,17437.016,0.0961,0.1513,0.1536,0.4006,0.3299
approx,500,0.953,49462.784,26177.644,0.11,0.1731,0.1792,0.4625,0.4146
approx,1000,1.1555,86252.33,35677.132,0.1254,0.1941,0.2016,0.4956,0.5084
rescored,5,3.8175,98049.982,640.29,0.068,0.0787,0.1115,0.4321,0.144
rescored,10,6.0762,187348.228,1223.864,0.0929,0.1174,0.1496,0.5076,0.2375
rescored,25,11.8767,431266.082,2821.056,0.1296,0.1739,0.2041,0.5902,0.4368
rescored,50,20.4406,786423.178,5153.058,0.1448,0.2066,0.2319,0.617,0.6294
rescored,100,34.3532,1372714.592,9016.684,0.1571,0.2302,0.2522,0.6341,0.8095
rescored,250,64.3821,2640539.404,17437.016,0.1604,0.2416,0.2607,0.6404,0.9622
rescored,500,95.7185,3940192.314,26177.644,0.1607,0.2426,0.2622,0.6441,0.9957
rescored,1000,130.9423,5326725.652,35677.132,0.1608,0.2428,0.2623,0.6443,0.9999
