qid,doc,orig_rank,n_matching_terms,rank_explained,rank_random
65558115939a5f4082e40dcc,30996,1,15,3,1
65558115939a5f4082e40dcc,39376,2,20,16,2
65558115939a5f4082e40dcc,22069,3,10,10,4
65558115939a5f4082e40dcc,1884,4,18,26,8
65558115939a5f4082e40dcc,7340,5,21,44,7
65558115939a5f4082e40dcc,27017,6,16,160,6
65558115939a5f4082e40dcc,27208,7,19,633,13
65558115939a5f4082e40dcc,17772,8,9,142,12
65558115939a5f4082e40dcc,31419,9,15,494,11
65558115939a5f4082e40dcc,40784,10,11,5639,11
5f2294d791e0113629960a3b,24353,1,18,5,1
5f2294d791e0113629960a3b,38551,2,15,3,2
5f2294d791e0113629960a3b,19103,3,13,12,3
5f2294d791e0113629960a3b,15996,4,15,9,5
5f2294d791e0113629960a3b,47746,5,16,14,7
5f2294d791e0113629960a3b,21899,6,11,13,8
5f2294d791e0113629960a3b,25859,7,9,13,9
5f2294d791e0113629960a3b,12342,8,23,332,8
5f2294d791e0113629960a3b,21754,9,10,479,11
5f2294d791e0113629960a3b,28351,10,18,1158,14
6108caf95244ab9dcbf48c80,11520,1,19,101,2
6108caf95244ab9dcbf48c80,32658,2,7,174,2
6108caf95244ab9dcbf48c80,9072,3,11,1185,3
6108caf95244ab9dcbf48c80,1595,4,15,216,7
6108caf95244ab9dcbf48c80,29035,5,15,149,19
6108caf95244ab9dcbf48c80,34206,6,13,408,13
6108caf95244ab9dcbf48c80,19211,7,15,1440,7
6108caf95244ab9dcbf48c80,42843,8,16,178,14
6108caf95244ab9dcbf48c80,27213,9,11,2825,22
6108caf95244ab9dcbf48c80,3610,10,16,418,13
5390b86b20f70186a0f2a124,45762,1,20,42,1
5390b86b20f70186a0f2a124,17749,2,14,10,2
5390b86b20f70186a0f2a124,28970,3,18,186,10
5390b86b20f70186a0f2a124,23864,4,12,47,3
5390b86b20f70186a0f2a124,13296,5,23,40,6
5390b86b20f70186a0f2a124,16279,6,18,60,5
5390b86b20f70186a0f2a124,7868,7,17,322,19
5390b86b20f70186a0f2a124,30207,8,19,105,10
5390b86b20f70186a0f2a124,1413,9,13,614,16
5390b86b20f70186a0f2a124,40067,10,12,356,29
5d3ed25a275ded87f97dea92,23205,1,20,163,53
5d3ed25a275ded87f97dea92,8936,2,18,745,15
5d3ed25a275ded87f97dea92,26978,3,12,702,104
5d3ed25a275ded87f97dea92,31432,4,12,1893,610
5d3ed25a275ded87f97dea92,28739,5,11,273,50
5d3ed25a275ded87f97dea92,31318,6,13,276,9
5d3ed25a275ded87f97dea92,36301,7,15,900,43
5d3ed25a275ded87f97dea92,5471,8,17,261,30
5d3ed25a275ded87f97dea92,21095,9,16,1254,10
5ea9503e91e0118eb1e19e9e,42131,1,15,7,1
5ea9503e91e0118eb1e19e9e,498,2,15,17,5
5ea9503e91e0118eb1e19e9e,14020,3,9,391,10
5ea9503e91e0118eb1e19e9e,28426,4,15,71,7
5ea9503e91e0118eb1e19e9e,4917,5,8,197,21
5ea9503e91e0118eb1e19e9e,6507,6,7,1968,251
5ea9503e91e0118eb1e19e9e,10488,7,10,1146,11
5ea9503e91e0118eb1e19e9e,21253,8,9,2584,17
5ea9503e91e0118eb1e19e9e,14161,9,7,110,17
5ea9503e91e0118eb1e19e9e,21703,10,8,1619,19
5c04967517c44a2c74708c8f,13212,1,15,63,2
5c04967517c44a2c74708c8f,36873,2,15,52,15
5c04967517c44a2c74708c8f,16773,3,17,155,5
5c04967517c44a2c74708c8f,47700,4,16,735,9
5c04967517c44a2c74708c8f,30409,5,13,21,5
5c04967517c44a2c74708c8f,3840,6,18,236,10
5c04967517c44a2c74708c8f,47107,7,15,180,23
5c04967517c44a2c74708c8f,5370,8,14,38,19
5c04967517c44a2c74708c8f,6522,9,17,102,21
5c04967517c44a2c74708c8f,12690,10,12,139,52
64d9a6813fda6d7f061d308e,8893,1,31,1,1
64d9a6813fda6d7f061d308e,19898,2,25,2,2
64d9a6813fda6d7f061d308e,19093,3,16,12,3
64d9a6813fda6d7f061d308e,42766,4,24,4,4
64d9a6813fda6d7f061d308e,2163,5,32,10,5
64d9a6813fda6d7f061d308e,3018,6,31,6,7
64d9a6813fda6d7f061d308e,7559,7,20,86,8
64d9a6813fda6d7f061d308e,1316,8,15,100,29
64d9a6813fda6d7f061d308e,16218,9,30,15,10
64d9a6813fda6d7f061d308e,2966,10,19,14,10
621ee1835aee126c0f26a902,19103,1,9,42,2
621ee1835aee126c0f26a902,38551,2,20,2,3
621ee1835aee126c0f26a902,15996,3,9,66,5
621ee1835aee126c0f26a902,23430,4,14,113,4
621ee1835aee126c0f26a902,33764,5,19,34,5
621ee1835aee126c0f26a902,21754,6,9,1047,5
621ee1835aee126c0f26a902,30992,7,10,317,9
621ee1835aee126c0f26a902,30718,8,11,2635,26
621ee1835aee126c0f26a902,25859,9,10,28,6
621ee1835aee126c0f26a902,30707,10,15,21,21
5bdc316717c44a1f58a06f0c,11584,1,25,24,2
5bdc316717c44a1f58a06f0c,47746,2,16,41,7
5bdc316717c44a1f58a06f0c,26105,3,17,120,4
5bdc316717c44a1f58a06f0c,2949,4,19,82,7
5bdc316717c44a1f58a06f0c,6212,5,19,50,10
5bdc316717c44a1f58a06f0c,22157,6,22,109,10
5bdc316717c44a1f58a06f0c,12328,7,13,1432,19
5bdc316717c44a1f58a06f0c,1604,8,17,155,13
5bdc316717c44a1f58a06f0c,9385,9,18,461,18
5bdc316717c44a1f58a06f0c,38551,10,16,25,19
64af9a043fda6d7f065a6a62,45178,1,22,1,1
64af9a043fda6d7f065a6a62,11487,2,18,222,10
64af9a043fda6d7f065a6a62,11821,3,14,144,17
64af9a043fda6d7f065a6a62,10274,4,19,62,23
64af9a043fda6d7f065a6a62,36540,5,23,42,10
64af9a043fda6d7f065a6a62,8295,6,26,7,10
64af9a043fda6d7f065a6a62,11406,7,12,3638,24
64af9a043fda6d7f065a6a62,38469,8,15,33,37
64af9a043fda6d7f065a6a62,26549,9,19,70,11
64af9a043fda6d7f065a6a62,18564,10,16,6182,21
5f8d6be69fced0a24bbab002,44773,1,14,8,1
5f8d6be69fced0a24bbab002,11952,2,14,47,2
5f8d6be69fced0a24bbab002,21339,3,10,259,4
5f8d6be69fced0a24bbab002,21101,4,11,574,4
5f8d6be69fced0a24bbab002,3610,5,14,14,7
5f8d6be69fced0a24bbab002,37941,6,13,36,5
5f8d6be69fced0a24bbab002,24588,7,18,12,6
5f8d6be69fced0a24bbab002,16078,8,10,17,6
5f8d6be69fced0a24bbab002,1430,9,14,26,8
5f8d6be69fced0a24bbab002,44134,10,12,1300,15
573698486e3b12023e710d8a,14021,1,33,1,1
573698486e3b12023e710d8a,8739,2,18,105,7
573698486e3b12023e710d8a,31129,3,18,56,10
573698486e3b12023e710d8a,21463,4,16,92,10
573698486e3b12023e710d8a,30654,5,16,297,16
573698486e3b12023e710d8a,41264,6,14,326,21
573698486e3b12023e710d8a,45083,7,13,153,20
573698486e3b12023e710d8a,11302,8,15,342,16
573698486e3b12023e710d8a,9270,9,13,201,48
573698486e3b12023e710d8a,29647,10,13,277,41
66398b5501d2a3fbfcaed49c,8354,1,19,51,2
66398b5501d2a3fbfcaed49c,28079,2,12,367,2
66398b5501d2a3fbfcaed49c,5725,3,7,440,6
66398b5501d2a3fbfcaed49c,35822,4,15,389,5
66398b5501d2a3fbfcaed49c,21906,5,11,14162,9
66398b5501d2a3fbfcaed49c,3395,6,14,69,31
66398b5501d2a3fbfcaed49c,8132,7,14,243,11
66398b5501d2a3fbfcaed49c,29122,8,12,1002,8
66398b5501d2a3fbfcaed49c,30896,9,10,14,10
66398b5501d2a3fbfcaed49c,45200,10,15,162,30
62de88b35aee126c0f99048b,1548,1,23,8,1
62de88b35aee126c0f99048b,34694,2,18,7,18
62de88b35aee126c0f99048b,45697,3,13,605,8
62de88b35aee126c0f99048b,4309,4,8,2538,15
62de88b35aee126c0f99048b,24994,5,17,125,22
62de88b35aee126c0f99048b,36664,6,10,1742,18
62de88b35aee126c0f99048b,38335,7,15,1144,13
62de88b35aee126c0f99048b,18441,8,16,609,31
62de88b35aee126c0f99048b,25102,9,18,160,8
62de88b35aee126c0f99048b,30314,10,7,3982,71
64702deed68f896efa52018b,37134,2,13,562,2
64702deed68f896efa52018b,32404,3,12,2188,8
64702deed68f896efa52018b,25855,4,12,933,7
64702deed68f896efa52018b,38138,5,11,1753,13
64702deed68f896efa52018b,792,6,10,9070,8
64702deed68f896efa52018b,15802,7,13,955,8
64702deed68f896efa52018b,32764,8,10,1265,15
64702deed68f896efa52018b,9903,9,18,308,6
64702deed68f896efa52018b,3564,10,14,261,15
668b47be01d2a3fbfc13f7c3,29186,1,30,108,1
668b47be01d2a3fbfc13f7c3,6431,2,18,3539,2
668b47be01d2a3fbfc13f7c3,42471,3,16,5838,15
668b47be01d2a3fbfc13f7c3,16211,4,12,17684,95
668b47be01d2a3fbfc13f7c3,47963,5,16,6667,256
668b47be01d2a3fbfc13f7c3,2787,6,25,156,5
668b47be01d2a3fbfc13f7c3,39637,7,20,5609,9
668b47be01d2a3fbfc13f7c3,17111,8,11,3830,5
668b47be01d2a3fbfc13f7c3,33733,9,21,40,8
668b47be01d2a3fbfc13f7c3,15339,10,19,4015,23
647eaf35d68f896efad409b3,5335,1,28,3,1
647eaf35d68f896efad409b3,46871,2,19,16,3
647eaf35d68f896efad409b3,30996,3,18,3,3
647eaf35d68f896efad409b3,26961,4,22,6,7
647eaf35d68f896efad409b3,34082,5,19,8,5
647eaf35d68f896efad409b3,39873,6,23,23,6
647eaf35d68f896efad409b3,19481,7,31,19,10
647eaf35d68f896efad409b3,24420,8,14,25,9
647eaf35d68f896efad409b3,15821,9,13,41,15
647eaf35d68f896efad409b3,44951,10,11,28,13
5aed148b17c44a4438155093,33803,1,23,9,1
5aed148b17c44a4438155093,23809,2,15,6,5
5aed148b17c44a4438155093,10897,3,23,5,3
5aed148b17c44a4438155093,11249,4,22,30,4
5aed148b17c44a4438155093,8220,5,8,110,10
5aed148b17c44a4438155093,32769,6,12,29,16
5aed148b17c44a4438155093,21330,7,13,24,6
5aed148b17c44a4438155093,25778,8,18,56,11
5aed148b17c44a4438155093,2761,9,14,196,20
5aed148b17c44a4438155093,25299,10,15,20,11
5e9ef9b69fced0a24b1b658d,26591,1,19,9,1
5e9ef9b69fced0a24b1b658d,11238,2,10,506,7
5e9ef9b69fced0a24b1b658d,45762,3,14,827,3
5e9ef9b69fced0a24b1b658d,14084,4,23,212,5
5e9ef9b69fced0a24b1b658d,44566,5,10,36,8
5e9ef9b69fced0a24b1b658d,15200,6,19,29,9
5e9ef9b69fced0a24b1b658d,26936,7,13,122,8
5e9ef9b69fced0a24b1b658d,24179,8,9,2326,17
5e9ef9b69fced0a24b1b658d,35499,9,23,119,8
5e9ef9b69fced0a24b1b658d,9166,10,16,96,19
66a8498901d2a3fbfc084545,15996,1,13,4,1
66a8498901d2a3fbfc084545,19103,2,14,4,1
66a8498901d2a3fbfc084545,24353,3,15,4,3
66a8498901d2a3fbfc084545,38551,4,18,41,6
66a8498901d2a3fbfc084545,7372,5,8,25,4
66a8498901d2a3fbfc084545,23430,6,14,71,4
66a8498901d2a3fbfc084545,17408,7,10,224,29
66a8498901d2a3fbfc084545,47746,8,13,100,11
66a8498901d2a3fbfc084545,27847,9,25,137,17
66a8498901d2a3fbfc084545,40414,10,8,9,7
5e9ef9b69fced0a24b1b649c,4414,1,14,141,3
5e9ef9b69fced0a24b1b649c,26945,2,20,17,6
5e9ef9b69fced0a24b1b649c,39859,3,13,64,6
5e9ef9b69fced0a24b1b649c,46098,4,7,427,10
5e9ef9b69fced0a24b1b649c,21717,5,14,66,4
5e9ef9b69fced0a24b1b649c,7711,6,10,148,21
5e9ef9b69fced0a24b1b649c,19617,7,6,4311,76
5e9ef9b69fced0a24b1b649c,46681,8,9,434,9
5e9ef9b69fced0a24b1b649c,11365,9,11,274,8
5e9ef9b69fced0a24b1b649c,12751,10,10,981,26
65360d22939a5f4082b032cb,30559,1,14,5,5
65360d22939a5f4082b032cb,44627,2,14,1459,4
65360d22939a5f4082b032cb,27938,3,19,13,2
65360d22939a5f4082b032cb,42002,4,12,108,19
65360d22939a5f4082b032cb,41740,5,12,11,10
65360d22939a5f4082b032cb,8715,6,12,2978,30
65360d22939a5f4082b032cb,36812,7,13,2455,18
65360d22939a5f4082b032cb,45249,8,14,272,9
65360d22939a5f4082b032cb,24665,9,16,55,25
65360d22939a5f4082b032cb,9407,10,15,485,21
5aed148b17c44a4438154edb,4960,1,7,1483,1
5aed148b17c44a4438154edb,15241,2,11,3612,5
5aed148b17c44a4438154edb,35573,3,9,5387,4
5aed148b17c44a4438154edb,2097,4,10,1563,7
5aed148b17c44a4438154edb,15700,5,14,2187,6
5aed148b17c44a4438154edb,32705,6,10,528,10
5aed148b17c44a4438154edb,41054,7,9,5143,37
5aed148b17c44a4438154edb,11722,8,10,3519,52
5aed148b17c44a4438154edb,30260,9,8,317,24
5aed148b17c44a4438154edb,14736,10,6,1810,145
649bb0dcd68f896efa4dc491,38076,1,30,5,2
649bb0dcd68f896efa4dc491,22724,2,23,27,7
649bb0dcd68f896efa4dc491,34038,3,19,5,7
649bb0dcd68f896efa4dc491,5211,4,16,89,14
649bb0dcd68f896efa4dc491,43483,5,17,33,6
649bb0dcd68f896efa4dc491,37017,6,25,37,8
649bb0dcd68f896efa4dc491,39570,7,15,60,19
649bb0dcd68f896efa4dc491,27799,8,16,55,3
649bb0dcd68f896efa4dc491,7265,9,11,104,10
649bb0dcd68f896efa4dc491,33533,10,16,165,12
57aa28de0a3ac518da9896f5,32401,1,12,4,1
57aa28de0a3ac518da9896f5,24894,2,19,84,2
57aa28de0a3ac518da9896f5,39896,3,15,1662,3
57aa28de0a3ac518da9896f5,16279,4,12,48,6
57aa28de0a3ac518da9896f5,13352,5,14,2880,8
57aa28de0a3ac518da9896f5,9687,6,11,373,8
57aa28de0a3ac518da9896f5,33647,7,11,4382,15
57aa28de0a3ac518da9896f5,3307,8,10,79,11
57aa28de0a3ac518da9896f5,10423,9,11,114,40
57aa28de0a3ac518da9896f5,33137,10,11,2964,26
5eede0b091e0116a23aafbfb,8220,1,10,38,2
5eede0b091e0116a23aafbfb,25299,2,11,148,2
5eede0b091e0116a23aafbfb,38551,3,15,47,8
5eede0b091e0116a23aafbfb,43864,4,13,16041,10
5eede0b091e0116a23aafbfb,2625,5,18,1671,23
5eede0b091e0116a23aafbfb,4921,6,11,1332,67
5eede0b091e0116a23aafbfb,5062,7,16,5223,10
5eede0b091e0116a23aafbfb,25778,8,15,321,13
5eede0b091e0116a23aafbfb,30647,9,12,129,40
5eede0b091e0116a23aafbfb,42359,10,19,360,17
5a9cb66717c44a376ffb8a3c,47783,1,11,208,1
5a9cb66717c44a376ffb8a3c,26812,2,13,290,6
5a9cb66717c44a376ffb8a3c,23733,3,23,11,10
5a9cb66717c44a376ffb8a3c,10425,4,16,438,5
5a9cb66717c44a376ffb8a3c,11157,6,16,30,4
5a9cb66717c44a376ffb8a3c,10380,7,19,71,8
5a9cb66717c44a376ffb8a3c,38760,8,13,196,8
5a9cb66717c44a376ffb8a3c,36346,9,19,95,13
5a9cb66717c44a376ffb8a3c,27436,10,10,1542,10
5b67b46f17c44aac1c8631e6,38551,2,13,7,7
5b67b46f17c44aac1c8631e6,47746,3,12,83,2
5b67b46f17c44aac1c8631e6,28328,5,11,367,23
5b67b46f17c44aac1c8631e6,34375,6,9,471,59
5b67b46f17c44aac1c8631e6,41593,7,16,457,5
5b67b46f17c44aac1c8631e6,14964,8,19,630,11
5b67b46f17c44aac1c8631e6,26978,9,10,201,10
5b67b46f17c44aac1c8631e6,23865,10,13,39,18
6305970d90e50fcafd35b47d,16526,1,12,1,1
6305970d90e50fcafd35b47d,18948,2,10,6,2
6305970d90e50fcafd35b47d,29366,3,16,15,5
6305970d90e50fcafd35b47d,33170,4,20,19,5
6305970d90e50fcafd35b47d,42661,5,14,39,6
6305970d90e50fcafd35b47d,30996,6,10,14,7
6305970d90e50fcafd35b47d,8306,7,20,145,12
6305970d90e50fcafd35b47d,38152,8,9,647,6
6305970d90e50fcafd35b47d,26389,9,11,13,10
6305970d90e50fcafd35b47d,21090,10,9,17,13
630350f490e50fcafd77a971,34647,1,19,510,14
630350f490e50fcafd77a971,15178,2,23,3372,14
630350f490e50fcafd77a971,44606,3,14,2462,25
630350f490e50fcafd77a971,26978,4,11,148,18
630350f490e50fcafd77a971,1964,5,20,75,14
630350f490e50fcafd77a971,21899,6,9,61,15
630350f490e50fcafd77a971,25859,7,9,847,46
630350f490e50fcafd77a971,7496,8,27,1612,20
630350f490e50fcafd77a971,41505,10,17,999,111
5a9cb60d17c44a376ffb3c52,26978,1,11,6,1
5a9cb60d17c44a376ffb3c52,44566,2,10,3,2
5a9cb60d17c44a376ffb3c52,21277,3,15,16,3
5a9cb60d17c44a376ffb3c52,452,4,12,179,6
5a9cb60d17c44a376ffb3c52,13528,5,14,55,4
5a9cb60d17c44a376ffb3c52,42405,6,11,13,65
5a9cb60d17c44a376ffb3c52,24831,7,10,13,9
5a9cb60d17c44a376ffb3c52,23470,8,16,47,9
5a9cb60d17c44a376ffb3c52,14558,9,14,56,11
5a9cb60d17c44a376ffb3c52,26331,10,8,1903,14
64d1bde83fda6d7f06ec3b7b,46588,1,17,15,2
64d1bde83fda6d7f06ec3b7b,16481,2,11,71,2
64d1bde83fda6d7f06ec3b7b,26392,3,18,96,4
64d1bde83fda6d7f06ec3b7b,5253,4,6,117,5
64d1bde83fda6d7f06ec3b7b,17483,5,10,378,6
64d1bde83fda6d7f06ec3b7b,23623,6,6,505,8
64d1bde83fda6d7f06ec3b7b,43483,7,12,206,9
64d1bde83fda6d7f06ec3b7b,12084,8,11,138,12
64d1bde83fda6d7f06ec3b7b,16257,9,10,343,10
64d1bde83fda6d7f06ec3b7b,42709,10,20,40,13
6303525890e50fcafd79d164,44086,1,18,3689,1
6303525890e50fcafd79d164,28806,2,30,85,4
6303525890e50fcafd79d164,38016,3,16,5603,4
6303525890e50fcafd79d164,6281,4,16,113,3
6303525890e50fcafd79d164,14087,5,8,23975,26
6303525890e50fcafd79d164,8274,6,19,4109,8
6303525890e50fcafd79d164,45830,7,17,878,21
6303525890e50fcafd79d164,39827,8,26,97,18
6303525890e50fcafd79d164,22971,9,28,3694,16
6303525890e50fcafd79d164,15060,10,14,13065,33
663c53b201d2a3fbfc2855b6,13494,1,13,690,4
663c53b201d2a3fbfc2855b6,17878,2,19,40,4
663c53b201d2a3fbfc2855b6,40052,3,20,79,4
663c53b201d2a3fbfc2855b6,25916,4,12,20,4
663c53b201d2a3fbfc2855b6,10822,5,20,34,6
663c53b201d2a3fbfc2855b6,48045,6,14,28,6
663c53b201d2a3fbfc2855b6,19103,7,10,58,10
663c53b201d2a3fbfc2855b6,14341,8,19,111,9
663c53b201d2a3fbfc2855b6,2471,9,17,702,11
663c53b201d2a3fbfc2855b6,25082,10,21,31,6
5c5ad4c7f56def9798f7c5a5,39467,1,15,599,2
5c5ad4c7f56def9798f7c5a5,36667,2,17,14,3
5c5ad4c7f56def9798f7c5a5,18488,3,11,1088,7
5c5ad4c7f56def9798f7c5a5,18256,4,24,226,8
5c5ad4c7f56def9798f7c5a5,41605,5,25,107,6
5c5ad4c7f56def9798f7c5a5,32219,6,21,97,6
5c5ad4c7f56def9798f7c5a5,3996,7,17,172,30
5c5ad4c7f56def9798f7c5a5,8731,8,13,1226,26
5c5ad4c7f56def9798f7c5a5,1226,9,17,282,20
5c5ad4c7f56def9798f7c5a5,34111,10,13,1559,21
60c31e856750f853878868f7,18262,1,17,23,2
60c31e856750f853878868f7,7382,2,18,11,3
60c31e856750f853878868f7,19103,3,11,15,3
60c31e856750f853878868f7,45338,4,11,4,4
60c31e856750f853878868f7,47438,5,15,111,6
60c31e856750f853878868f7,34225,6,26,38,11
60c31e856750f853878868f7,341,7,11,158,10
60c31e856750f853878868f7,45296,8,13,364,12
60c31e856750f853878868f7,18466,9,19,66,16
60c31e856750f853878868f7,8788,10,13,74,17
5b67b45517c44aac1c860815,47937,1,25,1,2
5b67b45517c44aac1c860815,9690,2,21,5,2
5b67b45517c44aac1c860815,43650,3,20,7,6
5b67b45517c44aac1c860815,45072,4,16,9,6
5b67b45517c44aac1c860815,11195,5,9,14,6
5b67b45517c44aac1c860815,33980,6,21,8,6
5b67b45517c44aac1c860815,44273,7,11,9,7
5b67b45517c44aac1c860815,2222,8,25,8,9
5b67b45517c44aac1c860815,37754,9,25,21,9
5b67b45517c44aac1c860815,12796,10,14,26,15
5390b8d620f70186a0f2ab0d,41815,2,9,152,2
5390b8d620f70186a0f2ab0d,12274,3,10,323,10
5390b8d620f70186a0f2ab0d,39751,4,8,559,7
5390b8d620f70186a0f2ab0d,40586,5,7,1000,6
5390b8d620f70186a0f2ab0d,22394,6,6,202,24
5390b8d620f70186a0f2ab0d,33247,7,7,245,13
5390b8d620f70186a0f2ab0d,2508,10,6,1107,10
573696c56e3b12023e5c5a04,4917,1,19,13,1
573696c56e3b12023e5c5a04,23998,2,22,7,2
573696c56e3b12023e5c5a04,43515,3,14,9,5
573696c56e3b12023e5c5a04,36251,4,15,8,7
573696c56e3b12023e5c5a04,35801,5,16,9,8
573696c56e3b12023e5c5a04,1316,6,13,44,6
573696c56e3b12023e5c5a04,8733,7,29,17,8
573696c56e3b12023e5c5a04,37070,8,15,4,8
573696c56e3b12023e5c5a04,41443,9,15,22,9
573696c56e3b12023e5c5a04,42483,10,11,473,15
57fdf3cc654a3f21f407e4e5,7412,1,27,2,1
57fdf3cc654a3f21f407e4e5,28341,2,24,5,2
57fdf3cc654a3f21f407e4e5,1215,3,23,4,4
57fdf3cc654a3f21f407e4e5,30318,4,19,7,5
57fdf3cc654a3f21f407e4e5,11355,5,24,57,5
57fdf3cc654a3f21f407e4e5,47362,6,11,43,6
57fdf3cc654a3f21f407e4e5,30469,7,20,159,8
57fdf3cc654a3f21f407e4e5,30315,8,13,127,17
57fdf3cc654a3f21f407e4e5,2522,9,12,16,14
57fdf3cc654a3f21f407e4e5,21039,10,9,709,13
61850e9691e01121084ca077,22944,1,13,16,2
61850e9691e01121084ca077,28656,2,16,35,10
61850e9691e01121084ca077,21144,3,17,13,11
61850e9691e01121084ca077,18948,4,10,76,9
61850e9691e01121084ca077,26389,5,11,16,5
61850e9691e01121084ca077,1045,6,15,85,11
61850e9691e01121084ca077,16526,7,12,109,12
61850e9691e01121084ca077,35817,8,11,668,9
61850e9691e01121084ca077,2081,9,22,53,12
61850e9691e01121084ca077,14806,10,9,1482,7
5bdc316717c44a1f58a06ef0,19826,1,18,5,3
5bdc316717c44a1f58a06ef0,37070,2,14,3,2
5bdc316717c44a1f58a06ef0,38769,3,16,13,3
5bdc316717c44a1f58a06ef0,6552,4,11,15,5
5bdc316717c44a1f58a06ef0,5246,5,19,22,5
5bdc316717c44a1f58a06ef0,11771,6,20,38,6
5bdc316717c44a1f58a06ef0,47113,7,11,9,7
5bdc316717c44a1f58a06ef0,8289,8,12,35,12
5bdc316717c44a1f58a06ef0,43709,9,13,42,11
5bdc316717c44a1f58a06ef0,22648,10,8,148,19
66908b6501d2a3fbfcdfa4cb,13131,1,21,101,1
66908b6501d2a3fbfcdfa4cb,38412,2,16,25,3
66908b6501d2a3fbfcdfa4cb,21709,3,13,105,3
66908b6501d2a3fbfcdfa4cb,9973,4,15,24,7
66908b6501d2a3fbfcdfa4cb,35152,5,19,34,7
66908b6501d2a3fbfcdfa4cb,15849,6,19,394,6
66908b6501d2a3fbfcdfa4cb,3090,7,13,1341,8
66908b6501d2a3fbfcdfa4cb,32324,8,10,39,8
66908b6501d2a3fbfcdfa4cb,30709,9,23,90,9
66908b6501d2a3fbfcdfa4cb,30133,10,22,35,10
5f8d6be69fced0a24bbaaf85,45731,1,19,4,1
5f8d6be69fced0a24bbaaf85,24933,2,14,24,2
5f8d6be69fced0a24bbaaf85,16514,3,11,50,4
5f8d6be69fced0a24bbaaf85,11514,4,17,5,5
5f8d6be69fced0a24bbaaf85,10164,5,21,41,7
5f8d6be69fced0a24bbaaf85,8172,6,12,145,6
5f8d6be69fced0a24bbaaf85,45762,7,14,36,10
5f8d6be69fced0a24bbaaf85,20389,8,19,111,9
5f8d6be69fced0a24bbaaf85,20316,9,24,32,10
5f8d6be69fced0a24bbaaf85,28232,10,16,304,10
6271e0e75aee126c0f5746f7,11864,1,14,317,3
6271e0e75aee126c0f5746f7,5005,2,12,210,4
6271e0e75aee126c0f5746f7,20171,3,12,249,4
6271e0e75aee126c0f5746f7,15045,4,8,1092,26
6271e0e75aee126c0f5746f7,16993,5,9,317,31
6271e0e75aee126c0f5746f7,15097,6,12,1005,34
6271e0e75aee126c0f5746f7,44226,7,12,1752,15
6271e0e75aee126c0f5746f7,8323,8,10,2172,27
6271e0e75aee126c0f5746f7,41784,9,7,6964,169
6271e0e75aee126c0f5746f7,36000,10,11,344,3
62cb94ae5aee126c0ff81377,47217,1,20,25,1
62cb94ae5aee126c0ff81377,6335,2,17,54,2
62cb94ae5aee126c0ff81377,36000,3,17,52,3
62cb94ae5aee126c0ff81377,23169,4,19,112,5
62cb94ae5aee126c0ff81377,28666,5,12,226,6
62cb94ae5aee126c0ff81377,11683,6,12,799,10
62cb94ae5aee126c0ff81377,40939,7,13,171,7
62cb94ae5aee126c0ff81377,21754,8,8,168,15
62cb94ae5aee126c0ff81377,41377,9,15,154,36
62cb94ae5aee126c0ff81377,8148,10,14,379,16
599c7ced601a182cd27e8793,20675,1,9,23,7
599c7ced601a182cd27e8793,22989,2,9,152,2
599c7ced601a182cd27e8793,34355,3,15,12,4
599c7ced601a182cd27e8793,18813,4,9,354,21
599c7ced601a182cd27e8793,21330,5,7,107,7
599c7ced601a182cd27e8793,7800,6,6,853,10
599c7ced601a182cd27e8793,24877,7,10,144,14
599c7ced601a182cd27e8793,8220,8,6,160,20
599c7ced601a182cd27e8793,43647,9,14,71,5
599c7ced601a182cd27e8793,15465,10,14,341,20
62feff8d90e50fcafd599795,43483,1,22,69,5
62feff8d90e50fcafd599795,45762,2,16,116,1
62feff8d90e50fcafd599795,44566,3,19,18,4
62feff8d90e50fcafd599795,5199,4,13,329,25
62feff8d90e50fcafd599795,3731,5,20,107,8
62feff8d90e50fcafd599795,22655,6,13,59,13
62feff8d90e50fcafd599795,33249,7,12,53,8
62feff8d90e50fcafd599795,30207,8,12,161,10
62feff8d90e50fcafd599795,24028,9,25,247,11
62feff8d90e50fcafd599795,1908,10,13,151,11
63aa965790e50fcafd007e1c,7424,1,14,2561,2
63aa965790e50fcafd007e1c,47746,2,15,21,7
63aa965790e50fcafd007e1c,38551,3,13,45,4
63aa965790e50fcafd007e1c,41843,4,15,1037,23
63aa965790e50fcafd007e1c,18536,5,11,481,18
63aa965790e50fcafd007e1c,40764,6,18,2800,27
63aa965790e50fcafd007e1c,34375,7,6,899,25
63aa965790e50fcafd007e1c,30225,8,6,362,12
63aa965790e50fcafd007e1c,41593,9,14,1334,16
63aa965790e50fcafd007e1c,3225,10,14,4721,18
6614c27c13fb2c6cf65095af,32667,1,9,1,2
6614c27c13fb2c6cf65095af,45702,2,11,490,3
6614c27c13fb2c6cf65095af,8183,3,20,29,4
6614c27c13fb2c6cf65095af,41905,4,26,17,3
6614c27c13fb2c6cf65095af,14352,5,17,325,9
6614c27c13fb2c6cf65095af,9129,6,12,101,6
6614c27c13fb2c6cf65095af,13779,7,20,839,11
6614c27c13fb2c6cf65095af,22083,8,28,69,16
6614c27c13fb2c6cf65095af,7334,9,19,4375,12
6614c27c13fb2c6cf65095af,47116,10,18,808,12
57fdf424654a3f2774ecce0f,148,1,12,34,1
57fdf424654a3f2774ecce0f,46976,2,15,127,4
57fdf424654a3f2774ecce0f,12273,3,13,248,8
57fdf424654a3f2774ecce0f,33158,4,14,372,11
57fdf424654a3f2774ecce0f,34948,5,7,414,20
57fdf424654a3f2774ecce0f,48073,6,15,145,9
57fdf424654a3f2774ecce0f,12429,7,11,477,9
57fdf424654a3f2774ecce0f,7809,8,24,73,9
57fdf424654a3f2774ecce0f,34727,9,12,1658,14
57fdf424654a3f2774ecce0f,28985,10,12,937,21
5a9cb60d17c44a376ffb3c54,28439,1,23,20,1
5a9cb60d17c44a376ffb3c54,16671,2,20,136,3
5a9cb60d17c44a376ffb3c54,34355,3,17,26,7
5a9cb60d17c44a376ffb3c54,36595,4,24,42,6
5a9cb60d17c44a376ffb3c54,6708,5,27,12,4
5a9cb60d17c44a376ffb3c54,4359,6,16,1375,30
5a9cb60d17c44a376ffb3c54,38475,7,17,166,31
5a9cb60d17c44a376ffb3c54,17911,8,21,266,11
5a9cb60d17c44a376ffb3c54,21087,9,13,152,45
5a9cb60d17c44a376ffb3c54,17195,10,10,7273,12
5390bb7b20f70186a0f40b85,32853,1,20,4,1
5390bb7b20f70186a0f40b85,32999,2,25,2,3
5390bb7b20f70186a0f40b85,12641,3,11,8,3
5390bb7b20f70186a0f40b85,38696,4,9,4,4
5390bb7b20f70186a0f40b85,16562,5,22,11,6
5390bb7b20f70186a0f40b85,46055,6,20,3,5
5390bb7b20f70186a0f40b85,29355,7,12,15,8
5390bb7b20f70186a0f40b85,13031,8,22,17,9
5390bb7b20f70186a0f40b85,28012,9,12,12,12
5390bb7b20f70186a0f40b85,15547,10,9,15,13
60d996c80abde95dc965f695,44105,1,42,1,1
60d996c80abde95dc965f695,1593,2,19,40,3
60d996c80abde95dc965f695,9275,3,24,99,3
60d996c80abde95dc965f695,4216,4,15,102,4
60d996c80abde95dc965f695,2907,5,19,178,7
60d996c80abde95dc965f695,755,6,19,203,7
60d996c80abde95dc965f695,3051,7,14,175,8
60d996c80abde95dc965f695,17472,8,11,273,9
60d996c80abde95dc965f695,19401,9,13,1159,6
60d996c80abde95dc965f695,35241,10,8,38,15
5f4f6e669fced0a24bec8233,6699,1,15,48,2
5f4f6e669fced0a24bec8233,44651,2,15,27,12
5f4f6e669fced0a24bec8233,37197,3,19,171,11
5f4f6e669fced0a24bec8233,13843,4,13,256,3
5f4f6e669fced0a24bec8233,5961,5,16,68,15
5f4f6e669fced0a24bec8233,25859,6,10,24,12
5f4f6e669fced0a24bec8233,11776,7,16,1848,18
5f4f6e669fced0a24bec8233,36940,8,19,110,12
5f4f6e669fced0a24bec8233,19875,9,17,153,52
5f4f6e669fced0a24bec8233,9279,10,14,158,129
5aed148b17c44a4438155085,43741,1,12,58,6
5aed148b17c44a4438155085,30416,2,16,34,1
5aed148b17c44a4438155085,12485,3,16,117,3
5aed148b17c44a4438155085,18057,4,12,77,9
5aed148b17c44a4438155085,20040,5,20,29,10
5aed148b17c44a4438155085,12506,6,16,276,38
5aed148b17c44a4438155085,36194,7,14,119,9
5aed148b17c44a4438155085,11617,8,14,279,9
5aed148b17c44a4438155085,33290,9,19,103,13
5aed148b17c44a4438155085,42704,10,17,137,37
661743ea13fb2c6cf6439e9f,26978,1,11,15,4
661743ea13fb2c6cf6439e9f,11374,2,26,22,3
661743ea13fb2c6cf6439e9f,35499,3,19,7,5
661743ea13fb2c6cf6439e9f,31778,4,20,696,7
661743ea13fb2c6cf6439e9f,3382,5,12,84,7
661743ea13fb2c6cf6439e9f,18171,6,19,40,8
661743ea13fb2c6cf6439e9f,42849,7,18,44,16
661743ea13fb2c6cf6439e9f,45762,8,14,15,11
661743ea13fb2c6cf6439e9f,19103,9,11,242,33
661743ea13fb2c6cf6439e9f,3211,10,9,24,6
65387a42939a5f40829806d0,11374,1,29,4,4
65387a42939a5f40829806d0,3211,2,9,20,8
65387a42939a5f40829806d0,35499,3,22,45,13
65387a42939a5f40829806d0,15719,4,21,26,4
65387a42939a5f40829806d0,8908,5,35,30,6
65387a42939a5f40829806d0,18256,6,22,62,15
65387a42939a5f40829806d0,33764,7,24,15,14
65387a42939a5f40829806d0,23046,8,36,64,48
65387a42939a5f40829806d0,18913,9,30,61,61
65387a42939a5f40829806d0,42469,10,23,86,154
6306e8c890e50fcafdebd52f,13262,1,19,118,6
6306e8c890e50fcafdebd52f,45338,2,13,342,2
6306e8c890e50fcafdebd52f,18262,3,19,306,30
6306e8c890e50fcafdebd52f,7382,4,20,205,4
6306e8c890e50fcafdebd52f,46906,5,14,829,3
6306e8c890e50fcafdebd52f,44002,6,16,774,9
6306e8c890e50fcafdebd52f,3530,7,24,38,8
6306e8c890e50fcafdebd52f,39519,8,14,249,19
6306e8c890e50fcafdebd52f,9889,9,16,87,12
6306e8c890e50fcafdebd52f,32262,10,13,32,6
6449f232582c1376bb223885,30761,1,15,70,1
6449f232582c1376bb223885,38420,2,13,1273,3
6449f232582c1376bb223885,42837,3,9,858,3
6449f232582c1376bb223885,38551,4,13,24,7
6449f232582c1376bb223885,27343,5,17,209,38
6449f232582c1376bb223885,46247,6,11,2703,11
6449f232582c1376bb223885,37899,8,12,381,7
6449f232582c1376bb223885,24353,9,11,132,48
6449f232582c1376bb223885,19103,10,8,243,38
666a52ae01d2a3fbfc634b79,46706,1,19,82,1
666a52ae01d2a3fbfc634b79,3941,2,20,221,2
666a52ae01d2a3fbfc634b79,22111,3,8,5,3
666a52ae01d2a3fbfc634b79,31517,4,19,142,8
666a52ae01d2a3fbfc634b79,9261,5,22,480,4
666a52ae01d2a3fbfc634b79,4158,6,19,509,7
666a52ae01d2a3fbfc634b79,24140,7,9,5931,11
666a52ae01d2a3fbfc634b79,19093,8,12,19,12
666a52ae01d2a3fbfc634b79,31550,9,14,37,11
666a52ae01d2a3fbfc634b79,6645,10,6,155,15
5550441745ce0a409eb4b26b,7353,1,10,67,3
5550441745ce0a409eb4b26b,650,2,6,4150,25
5550441745ce0a409eb4b26b,1477,3,9,97,4
5550441745ce0a409eb4b26b,38404,7,7,3625,8
5550441745ce0a409eb4b26b,15148,10,7,2315,15
5ec7a32791e0118397f3ebe2,39173,1,18,160,1
5ec7a32791e0118397f3ebe2,10289,2,20,157,6
5ec7a32791e0118397f3ebe2,19834,3,17,46,1
5ec7a32791e0118397f3ebe2,45821,4,13,7,6
5ec7a32791e0118397f3ebe2,10395,5,19,44,5
5ec7a32791e0118397f3ebe2,12181,6,20,114,7
5ec7a32791e0118397f3ebe2,47707,7,13,1666,7
5ec7a32791e0118397f3ebe2,307,8,12,235,52
5ec7a32791e0118397f3ebe2,31722,9,16,359,20
5ec7a32791e0118397f3ebe2,18169,10,16,423,21
5d3ed25a275ded87f97deacc,6699,1,10,1063,4
5d3ed25a275ded87f97deacc,25859,2,7,31,15
5d3ed25a275ded87f97deacc,38551,3,15,126,8
5d3ed25a275ded87f97deacc,13843,4,15,61,13
5d3ed25a275ded87f97deacc,5237,5,14,273,11
5d3ed25a275ded87f97deacc,1880,6,19,452,15
5d3ed25a275ded87f97deacc,13253,7,14,439,22
5d3ed25a275ded87f97deacc,601,8,12,142,26
5d3ed25a275ded87f97deacc,5586,9,10,1096,21
5d3ed25a275ded87f97deacc,10598,10,7,2319,93
658b93fd939a5f40825db3b2,43893,1,15,148,2
658b93fd939a5f40825db3b2,29728,2,18,409,15
658b93fd939a5f40825db3b2,29629,3,11,7845,1
658b93fd939a5f40825db3b2,19103,4,10,59,19
658b93fd939a5f40825db3b2,17645,5,10,5654,21
658b93fd939a5f40825db3b2,22982,6,18,1975,46
658b93fd939a5f40825db3b2,19147,7,23,111,16
658b93fd939a5f40825db3b2,21260,8,24,139,34
658b93fd939a5f40825db3b2,20081,9,18,732,17
658b93fd939a5f40825db3b2,22128,10,22,375,17
6215a5c85aee126c0f337751,7990,1,10,32,2
6215a5c85aee126c0f337751,30996,2,10,48,3
6215a5c85aee126c0f337751,46259,3,12,1146,5
6215a5c85aee126c0f337751,5430,4,14,163,3
6215a5c85aee126c0f337751,42337,5,16,265,9
6215a5c85aee126c0f337751,24474,6,11,2452,9
6215a5c85aee126c0f337751,21899,7,9,83,40
6215a5c85aee126c0f337751,36362,8,15,686,25
6215a5c85aee126c0f337751,31318,9,14,182,10
6215a5c85aee126c0f337751,2076,10,10,4598,26
5dbebb7447c8f766462c22a2,43627,1,26,20,1
5dbebb7447c8f766462c22a2,19987,2,11,69,4
5dbebb7447c8f766462c22a2,2192,3,18,46,9
5dbebb7447c8f766462c22a2,28023,4,14,86,7
5dbebb7447c8f766462c22a2,15200,5,8,23,10
5dbebb7447c8f766462c22a2,4578,6,14,45,5
5dbebb7447c8f766462c22a2,16298,7,11,92,20
5dbebb7447c8f766462c22a2,36000,8,14,50,11
5dbebb7447c8f766462c22a2,8973,9,9,73,23
5dbebb7447c8f766462c22a2,31812,10,12,14,13
6610c84d13fb2c6cf6f14b4c,18262,1,16,9,2
6610c84d13fb2c6cf6f14b4c,34225,2,19,10,4
6610c84d13fb2c6cf6f14b4c,39195,3,30,8,5
6610c84d13fb2c6cf6f14b4c,7382,4,13,31,3
6610c84d13fb2c6cf6f14b4c,25934,5,23,14,5
6610c84d13fb2c6cf6f14b4c,19103,6,10,20,8
6610c84d13fb2c6cf6f14b4c,45296,7,16,144,6
6610c84d13fb2c6cf6f14b4c,2726,8,17,128,12
6610c84d13fb2c6cf6f14b4c,23430,9,16,42,16
6610c84d13fb2c6cf6f14b4c,341,10,8,688,20
5d3ed25a275ded87f97dea64,41727,1,10,370,2
5d3ed25a275ded87f97dea64,9604,2,14,40,3
5d3ed25a275ded87f97dea64,40847,3,16,29,21
5d3ed25a275ded87f97dea64,45762,4,9,201,8
5d3ed25a275ded87f97dea64,36245,5,15,513,52
5d3ed25a275ded87f97dea64,31812,6,8,248,9
5d3ed25a275ded87f97dea64,693,7,9,757,11
5d3ed25a275ded87f97dea64,22399,8,14,170,21
5d3ed25a275ded87f97dea64,19987,9,7,40,25
5d3ed25a275ded87f97dea64,30207,10,13,68,23
64a2471bd68f896efaa52404,24140,1,14,126,1
64a2471bd68f896efaa52404,44566,2,14,5,3
64a2471bd68f896efaa52404,46706,3,20,487,4
64a2471bd68f896efaa52404,6645,4,6,946,8
64a2471bd68f896efaa52404,22111,5,8,19,4
64a2471bd68f896efaa52404,3941,6,18,1726,8
64a2471bd68f896efaa52404,4158,7,18,750,7
64a2471bd68f896efaa52404,19093,8,9,24,9
64a2471bd68f896efaa52404,24831,9,10,23,14
64a2471bd68f896efaa52404,31787,10,16,275,31
5550453645ce0a409eb54997,14160,1,9,1808,1
5550453645ce0a409eb54997,20766,2,8,241,34
5550453645ce0a409eb54997,910,4,9,1388,44
5550453645ce0a409eb54997,44273,5,8,187,8
5550453645ce0a409eb54997,25593,6,13,2100,18
5550453645ce0a409eb54997,14062,7,10,148,71
5550453645ce0a409eb54997,14011,8,9,423,12
63aa965790e50fcafd008019,9467,1,19,201,3
63aa965790e50fcafd008019,5287,2,9,3884,5
63aa965790e50fcafd008019,46815,3,10,6411,4
63aa965790e50fcafd008019,41452,4,13,3201,6
63aa965790e50fcafd008019,30368,5,14,705,4
63aa965790e50fcafd008019,21464,6,15,1381,7
63aa965790e50fcafd008019,25996,7,13,6484,8
63aa965790e50fcafd008019,47469,8,9,10739,9
63aa965790e50fcafd008019,11026,9,9,19079,9
63aa965790e50fcafd008019,15561,10,11,14169,13
6449f232582c1376bb2238d8,224,1,17,198,1
6449f232582c1376bb2238d8,43664,2,22,15,1
6449f232582c1376bb2238d8,10331,3,10,1620,22
6449f232582c1376bb2238d8,22351,4,17,23,5
6449f232582c1376bb2238d8,17164,5,7,1343,11
6449f232582c1376bb2238d8,17480,6,14,92,11
6449f232582c1376bb2238d8,41224,7,18,60,9
6449f232582c1376bb2238d8,3165,8,12,1422,12
6449f232582c1376bb2238d8,17450,9,13,1663,45
6449f232582c1376bb2238d8,19315,10,13,316,22
5390be6620f70186a0f4c2ae,5489,1,20,2,2
5390be6620f70186a0f4c2ae,32306,2,13,9,4
5390be6620f70186a0f4c2ae,32205,3,16,6,4
5390be6620f70186a0f4c2ae,8575,4,14,21,6
5390be6620f70186a0f4c2ae,44477,5,20,18,8
5390be6620f70186a0f4c2ae,15100,6,17,16,7
5390be6620f70186a0f4c2ae,24043,7,16,67,14
5390be6620f70186a0f4c2ae,27311,8,21,62,12
5390be6620f70186a0f4c2ae,12031,9,19,109,41
5390be6620f70186a0f4c2ae,13300,10,17,205,9
57aa28de0a3ac518da9896cb,45762,1,14,6,1
57aa28de0a3ac518da9896cb,3307,2,11,58,4
57aa28de0a3ac518da9896cb,14014,3,12,308,8
57aa28de0a3ac518da9896cb,18103,4,10,141,9
57aa28de0a3ac518da9896cb,37070,5,9,13,15
57aa28de0a3ac518da9896cb,16279,6,15,61,2
57aa28de0a3ac518da9896cb,11751,7,14,303,8
57aa28de0a3ac518da9896cb,1638,8,14,61,49
57aa28de0a3ac518da9896cb,30207,9,12,102,13
57aa28de0a3ac518da9896cb,23864,10,7,154,8
58437725ac44360f1082feeb,7108,1,9,460,2
58437725ac44360f1082feeb,19489,2,16,163,1
58437725ac44360f1082feeb,27522,4,11,184,9
58437725ac44360f1082feeb,42370,5,12,819,5
58437725ac44360f1082feeb,36747,6,13,337,10
58437725ac44360f1082feeb,39022,7,16,1271,13
58437725ac44360f1082feeb,30796,8,18,543,9
58437725ac44360f1082feeb,13026,9,8,2784,25
58437725ac44360f1082feeb,7352,10,6,2074,25
65360d4a939a5f4082b065df,15432,1,18,138,3
65360d4a939a5f4082b065df,16889,2,16,130,3
65360d4a939a5f4082b065df,8093,3,12,10,2
65360d4a939a5f4082b065df,46814,4,14,9,6
65360d4a939a5f4082b065df,25461,5,16,25,6
65360d4a939a5f4082b065df,12909,6,21,266,7
65360d4a939a5f4082b065df,30518,7,20,28,7
65360d4a939a5f4082b065df,23174,8,26,24,9
65360d4a939a5f4082b065df,9205,9,25,39,13
65360d4a939a5f4082b065df,12405,10,22,603,11
5eda19d991e01187f5d6dae3,3835,1,17,10,1
5eda19d991e01187f5d6dae3,44409,2,26,28,2
5eda19d991e01187f5d6dae3,43763,3,25,40,3
5eda19d991e01187f5d6dae3,23430,4,15,121,5
5eda19d991e01187f5d6dae3,21754,5,11,169,9
5eda19d991e01187f5d6dae3,35157,6,19,41,12
5eda19d991e01187f5d6dae3,1184,7,17,61,12
5eda19d991e01187f5d6dae3,9229,8,14,89,13
5eda19d991e01187f5d6dae3,30718,9,13,244,11
5eda19d991e01187f5d6dae3,27398,10,11,171,76
5e4faa9a3a55ac969512ba4c,29728,1,17,4,1
5e4faa9a3a55ac969512ba4c,10332,2,22,43,5
5e4faa9a3a55ac969512ba4c,34424,3,20,43,4
5e4faa9a3a55ac969512ba4c,42887,4,27,7,2
5e4faa9a3a55ac969512ba4c,42743,5,16,171,12
5e4faa9a3a55ac969512ba4c,18418,6,21,269,10
5e4faa9a3a55ac969512ba4c,8681,7,22,203,25
5e4faa9a3a55ac969512ba4c,10950,8,38,12,15
5e4faa9a3a55ac969512ba4c,39919,9,20,178,17
5e4faa9a3a55ac969512ba4c,47673,10,20,130,28
57fdf3ca654a3f21f407e4c1,45762,1,9,538,1
57fdf3ca654a3f21f407e4c1,32207,2,7,3864,5
57fdf3ca654a3f21f407e4c1,30207,4,12,293,6
57fdf3ca654a3f21f407e4c1,21175,5,7,2259,12
57fdf3ca654a3f21f407e4c1,10426,6,10,1488,4
57fdf3ca654a3f21f407e4c1,35326,7,9,5927,15
57fdf3ca654a3f21f407e4c1,26179,8,8,1784,28
57fdf3ca654a3f21f407e4c1,26337,9,10,677,27
57fdf3ca654a3f21f407e4c1,15758,10,8,3284,22
57d063b4ac4436735428dc70,6147,1,19,8,6
57d063b4ac4436735428dc70,19670,2,11,320,5
57d063b4ac4436735428dc70,32205,3,15,15,9
57d063b4ac4436735428dc70,2522,4,14,39,5
57d063b4ac4436735428dc70,5489,5,10,175,25
57d063b4ac4436735428dc70,27923,6,11,120,8
57d063b4ac4436735428dc70,44733,7,7,545,8
57d063b4ac4436735428dc70,14309,8,10,127,10
57d063b4ac4436735428dc70,23809,9,10,229,11
57d063b4ac4436735428dc70,44477,10,16,331,22
5a260c3517c44a4ba8a25255,20733,1,23,1,1
5a260c3517c44a4ba8a25255,29396,2,24,6,2
5a260c3517c44a4ba8a25255,9698,3,19,21,3
5a260c3517c44a4ba8a25255,15250,4,14,93,5
5a260c3517c44a4ba8a25255,22307,5,20,328,8
5a260c3517c44a4ba8a25255,47325,6,12,731,7
5a260c3517c44a4ba8a25255,43814,7,15,230,5
5a260c3517c44a4ba8a25255,39262,8,19,211,13
5a260c3517c44a4ba8a25255,4409,9,17,147,9
5a260c3517c44a4ba8a25255,43843,10,10,192,32
573697ec6e3b12023e6c7aa3,37070,1,16,1,1
573697ec6e3b12023e6c7aa3,35801,2,18,8,3
573697ec6e3b12023e6c7aa3,36251,3,11,71,7
573697ec6e3b12023e6c7aa3,47113,4,14,14,7
573697ec6e3b12023e6c7aa3,2747,5,14,23,7
573697ec6e3b12023e6c7aa3,5370,6,11,60,8
573697ec6e3b12023e6c7aa3,16279,7,13,78,7
573697ec6e3b12023e6c7aa3,4917,8,13,451,6
573697ec6e3b12023e6c7aa3,43515,9,14,33,11
573697ec6e3b12023e6c7aa3,19826,10,18,217,12
5e2d653a3a55acc83743683c,15510,1,16,4,9
5e2d653a3a55acc83743683c,31997,2,13,241,4
5e2d653a3a55acc83743683c,3824,3,16,366,12
5e2d653a3a55acc83743683c,17899,4,12,115,5
5e2d653a3a55acc83743683c,44651,5,12,104,4
5e2d653a3a55acc83743683c,39033,6,14,65,32
5e2d653a3a55acc83743683c,23420,7,14,3796,28
5e2d653a3a55acc83743683c,44819,8,12,399,23
5e2d653a3a55acc83743683c,35372,9,13,426,100
5e2d653a3a55acc83743683c,35235,10,8,4975,24
6476d21ad68f896efaf72cf7,16883,1,19,109,1
6476d21ad68f896efaf72cf7,3537,2,19,650,3
6476d21ad68f896efaf72cf7,18306,3,18,290,3
6476d21ad68f896efaf72cf7,36016,4,20,131,16
6476d21ad68f896efaf72cf7,17070,5,16,1293,16
6476d21ad68f896efaf72cf7,23430,6,13,283,32
6476d21ad68f896efaf72cf7,36953,7,18,136,12
6476d21ad68f896efaf72cf7,41740,8,14,72,16
6476d21ad68f896efaf72cf7,31237,9,9,35,6
6476d21ad68f896efaf72cf7,15996,10,15,146,13
5c664e9ee1cd8ea5754534e4,39663,1,23,6,1
5c664e9ee1cd8ea5754534e4,3144,2,16,124,2
5c664e9ee1cd8ea5754534e4,47075,3,20,15,3
5c664e9ee1cd8ea5754534e4,22212,4,15,48,4
5c664e9ee1cd8ea5754534e4,4034,5,14,1438,5
5c664e9ee1cd8ea5754534e4,41827,6,18,120,13
5c664e9ee1cd8ea5754534e4,47575,8,8,2139,11
5c664e9ee1cd8ea5754534e4,15200,9,13,18,10
5c664e9ee1cd8ea5754534e4,16298,10,9,15,14
63f5888490e50fcafd27c7ab,9712,1,17,16,1
63f5888490e50fcafd27c7ab,31032,2,20,40,2
63f5888490e50fcafd27c7ab,31295,3,16,45,3
63f5888490e50fcafd27c7ab,30707,4,8,33,4
63f5888490e50fcafd27c7ab,2826,5,21,409,6
63f5888490e50fcafd27c7ab,38027,6,21,671,6
63f5888490e50fcafd27c7ab,38649,7,14,1349,25
63f5888490e50fcafd27c7ab,464,8,18,25,7
63f5888490e50fcafd27c7ab,16471,9,18,6389,17
63f5888490e50fcafd27c7ab,34001,10,23,617,11
5f03f3b611dc830562231fe6,47746,1,13,7,1
5f03f3b611dc830562231fe6,38551,2,12,11,3
5f03f3b611dc830562231fe6,24353,3,12,251,4
5f03f3b611dc830562231fe6,30761,4,14,519,13
5f03f3b611dc830562231fe6,19103,5,9,1605,17
5f03f3b611dc830562231fe6,1604,6,12,27,20
5f03f3b611dc830562231fe6,23772,7,20,99,11
5f03f3b611dc830562231fe6,32667,8,11,377,204
5f03f3b611dc830562231fe6,34170,9,19,323,19
5f03f3b611dc830562231fe6,15996,10,16,170,15
6201df4d5aee126c0f64e429,30996,1,15,24,1
6201df4d5aee126c0f64e429,10955,2,32,125,11
6201df4d5aee126c0f64e429,28035,3,24,59,5
6201df4d5aee126c0f64e429,41959,4,28,66,7
6201df4d5aee126c0f64e429,42566,5,20,2049,14
6201df4d5aee126c0f64e429,18169,6,24,272,47
6201df4d5aee126c0f64e429,7990,7,12,68,63
6201df4d5aee126c0f64e429,9477,8,27,1161,20
6201df4d5aee126c0f64e429,42229,9,13,7832,25
6201df4d5aee126c0f64e429,31252,10,19,5280,13
634b88e290e50fcafde79b55,18536,1,11,182,14
634b88e290e50fcafde79b55,5237,2,15,47,13
634b88e290e50fcafde79b55,27535,3,13,95,1
634b88e290e50fcafde79b55,33246,4,14,710,24
634b88e290e50fcafde79b55,11210,5,13,711,18
634b88e290e50fcafde79b55,43704,6,14,836,14
634b88e290e50fcafde79b55,22126,7,28,52,6
634b88e290e50fcafde79b55,10907,8,13,968,46
634b88e290e50fcafde79b55,22124,9,18,493,8
62de882e5aee126c0f98b9e3,30996,1,8,4,2
62de882e5aee126c0f98b9e3,25320,2,15,16,3
62de882e5aee126c0f98b9e3,6896,3,7,169,8
62de882e5aee126c0f98b9e3,39873,4,14,10,5
62de882e5aee126c0f98b9e3,11864,5,12,9,6
62de882e5aee126c0f98b9e3,7990,6,9,21,6
62de882e5aee126c0f98b9e3,30896,7,10,1098,9
62de882e5aee126c0f98b9e3,8520,8,10,575,16
62de882e5aee126c0f98b9e3,7297,9,7,142,38
62de882e5aee126c0f98b9e3,5725,10,11,579,7
66c3fced01d2a3fbfc6f1192,26340,1,18,225,7
66c3fced01d2a3fbfc6f1192,41505,2,16,233,2
66c3fced01d2a3fbfc6f1192,14014,3,12,1190,6
66c3fced01d2a3fbfc6f1192,31432,4,11,405,17
66c3fced01d2a3fbfc6f1192,29583,5,13,3521,12
66c3fced01d2a3fbfc6f1192,5292,6,14,3355,14
66c3fced01d2a3fbfc6f1192,8893,7,18,503,31
66c3fced01d2a3fbfc6f1192,16485,8,12,2421,32
66c3fced01d2a3fbfc6f1192,30996,9,8,1050,374
66c3fced01d2a3fbfc6f1192,14468,10,13,2057,34
5390b71120f70186a0f1fd19,35840,1,14,13,1
5390b71120f70186a0f1fd19,25447,2,12,117,7
5390b71120f70186a0f1fd19,9574,3,13,26,9
5390b71120f70186a0f1fd19,15097,4,22,15,7
5390b71120f70186a0f1fd19,15045,5,13,14,14
5390b71120f70186a0f1fd19,14952,6,16,30,34
5390b71120f70186a0f1fd19,5611,7,8,1385,8
5390b71120f70186a0f1fd19,10658,8,16,159,10
5390b71120f70186a0f1fd19,45988,9,10,267,10
5390b71120f70186a0f1fd19,28090,10,16,228,3
6321467390e50fcafdb9be5d,19093,1,14,24,6
6321467390e50fcafdb9be5d,1316,2,10,503,3
6321467390e50fcafdb9be5d,44237,3,21,35,2
6321467390e50fcafdb9be5d,8893,4,22,49,18
6321467390e50fcafdb9be5d,2966,5,19,18,9
6321467390e50fcafdb9be5d,12485,6,15,13,7
6321467390e50fcafdb9be5d,7559,7,20,87,5
6321467390e50fcafdb9be5d,42275,8,20,52,16
6321467390e50fcafdb9be5d,28983,9,13,132,12
6321467390e50fcafdb9be5d,12506,10,12,334,19
63034f8f90e50fcafd7599de,27192,1,15,30,4
63034f8f90e50fcafd7599de,21491,2,23,20,2
63034f8f90e50fcafd7599de,44651,3,7,19,5
63034f8f90e50fcafd7599de,21567,4,11,12526,5
63034f8f90e50fcafd7599de,36995,5,11,144,8
63034f8f90e50fcafd7599de,13534,6,9,285,7
63034f8f90e50fcafd7599de,39672,7,13,62,8
63034f8f90e50fcafd7599de,24292,8,6,1289,16
63034f8f90e50fcafd7599de,9166,9,9,162,9
63034f8f90e50fcafd7599de,15200,10,8,318,11
5e43ccc23a55acdc32c31045,8479,1,7,5755,1
5e43ccc23a55acdc32c31045,2192,2,13,6,1
5e43ccc23a55acdc32c31045,13628,3,11,90,3
5e43ccc23a55acdc32c31045,43058,4,9,2063,10
5e43ccc23a55acdc32c31045,27884,5,10,712,9
5e43ccc23a55acdc32c31045,41657,6,15,119,10
5e43ccc23a55acdc32c31045,11588,7,14,83,10
5e43ccc23a55acdc32c31045,27046,9,11,214,10
5e43ccc23a55acdc32c31045,21899,10,6,64,14
667cc7d501d2a3fbfc0aa812,15996,1,16,3,3
667cc7d501d2a3fbfc0aa812,24353,2,19,5,1
667cc7d501d2a3fbfc0aa812,38551,3,16,10,3
667cc7d501d2a3fbfc0aa812,8657,4,22,147,6
667cc7d501d2a3fbfc0aa812,21899,5,9,63,9
667cc7d501d2a3fbfc0aa812,19103,6,10,29,7
667cc7d501d2a3fbfc0aa812,8198,7,21,496,10
667cc7d501d2a3fbfc0aa812,23430,8,20,26,11
667cc7d501d2a3fbfc0aa812,16687,9,17,3951,21
667cc7d501d2a3fbfc0aa812,33439,10,13,267,12
5dbebb7447c8f766462c2243,31671,1,29,3,2
5dbebb7447c8f766462c2243,40176,2,13,1056,2
5dbebb7447c8f766462c2243,25534,3,10,1141,20
5dbebb7447c8f766462c2243,2107,4,16,97,8
5dbebb7447c8f766462c2243,45762,5,16,380,7
5dbebb7447c8f766462c2243,4363,6,15,274,7
5dbebb7447c8f766462c2243,3750,7,8,2709,62
5dbebb7447c8f766462c2243,22044,8,10,438,14
5dbebb7447c8f766462c2243,10617,9,16,482,51
5dbebb7447c8f766462c2243,18594,10,15,4787,21
6204827f5aee126c0f77dcaf,33218,1,18,226,2
6204827f5aee126c0f77dcaf,11710,2,16,178,18
6204827f5aee126c0f77dcaf,47362,3,15,416,1
6204827f5aee126c0f77dcaf,25859,4,13,71,4
6204827f5aee126c0f77dcaf,19975,5,13,1551,28
6204827f5aee126c0f77dcaf,30225,6,13,129,12
6204827f5aee126c0f77dcaf,29545,7,29,59,8
6204827f5aee126c0f77dcaf,27543,8,19,427,11
6204827f5aee126c0f77dcaf,13478,9,14,1552,12
6204827f5aee126c0f77dcaf,13948,10,15,1279,16
